step,multi_step_rmse
1,0.11937559944744498
2,0.11939422539558739
3,0.11940096534891823
